Id,Business Date,Security Id,Symbol,Security Name,Open Price,High Price,Low Price,Close Price,Total Traded Quantity,Total Traded Value,Previous Day Close Price,Fifty Two Week High,Fifty Two Week Low,Last Updated Time,Last Updated Price,Total Trades,Average Traded Price,Market Capitalization
1,2025-05-15,132,NIMB,Nepal Investment Mega Bank Limited,204.1,206,203,203.65,50873,10366419.8,204.22,295,149.2,2025-05-15T14:59:51.292124,204,264,203.77,69502.88
2,2025-05-15,135,SBI,Nepal SBI Bank Limited,380,382,374.4,375.83,19394,7321585.6,375.49,549,274.4,2025-05-15T14:59:51.776636,375.1,105,377.51,40962.31
3,2025-05-15,137,EBL,Everest Bank Limited,614.1,616,610.1,612.4,27168,16636243.8,613.82,790,502.5,2025-05-15T14:59:54.216232,612.9,149,612.34,79273.31
4,2025-05-15,140,MBL,Machhapuchhre Bank Limited,211,214.3,208.6,211.18,50649,10686668,211.55,295,164.2,2025-05-15T14:59:46.025472,212.9,180,210.99,24541.98
5,2025-05-15,141,LSL,Laxmi Sunrise Bank Limited,204,207.3,202,205.31,71921,14646562,204.52,300,147.7,2025-05-15T14:59:57.603135,206,253,203.64,49985.82
6,2025-05-15,147,SHL,Soaltee Hotel Limited,529,575.5,525,571.85,824999,461915510.4,529.25,636.5,416.5,2025-05-15T14:59:58.585295,573,2366,559.89,58435.22
7,2025-05-15,152,NHPC,National Hydro Power Company Limited,220.1,222,217,220.01,256528,56015853.9,220.76,290,136,2025-05-15T14:59:59.614135,221,576,218.36,5426.41
8,2025-05-15,156,BBC,Bishal Bazar Company Limited,5798.1,5808,5697,5734.8,555,3175179.7,5684.43,7247,3684.8,2025-05-15T14:59:12.598809,5739,38,5721.04,229965.48
9,2025-05-15,163,NUBL,Nirdhan Utthan Laghubitta Bittiya Sanstha Limited,661.1,668.9,660,662.48,10927,7262409.1,669.53,930.2,649,2025-05-15T14:59:55.455743,661.7,81,664.62,17304.51
10,2025-05-15,164,CBBL,Chhimek Laghubitta Bittiya Sanstha Limited,858,858,846,848.17,9614,8161160.9,847.56,1155,815,2025-05-15T14:59:27.740159,849,114,848.88,27271.6
11,2025-05-15,166,DDBL,Deprosc Laghubitta Bittiya Sanstha Limited,775,780,766,772.34,5443,4205005,777.71,1099,713,2025-05-15T14:56:07.473691,772,55,772.55,14429.52
12,2025-05-15,172,NABBC,Narayani Development Bank Limited,1567.8,1595,1477,1581.5,51105,78442537.5,1599.74,2060,508,2025-05-15T14:59:59.227969,1575,73,1534.92,4150.93
13,2025-05-15,179,HEI,Himalayan Everest Insurance Limited,567,578.5,564,565.88,10592,6005357.6,567.19,810,555,2025-05-15T14:58:42.59784,565,92,566.97,14147.89
14,2025-05-15,182,SPIL,Siddhartha Premier Insurance Limited,800,816,793,797.36,11449,9144027.3,798.36,1076,760,2025-05-15T14:59:53.649928,799,71,798.67,22378.31
15,2025-05-15,183,NIL,Neco Insurance Limited,700,700,691,693.21,9731,6737838.8,697.56,1050,691,2025-05-15T14:59:32.89668,693,86,692.4,18657.97
16,2025-05-15,185,SALICO,Sagarmatha Lumbini Insurance Co. Limited,665.1,669.9,661.2,664.01,9750,6483227.9,672.51,926,660,2025-05-15T14:59:58.912957,663,68,664.94,17414.58
17,2025-05-15,188,LICN,Life Insurance Corporation (Nepal) Limited,983.6,983.6,940,948.89,30747,29363147.1,964.41,2475,905.6,2025-05-15T14:59:54.560132,947,376,954.99,47444.5
18,2025-05-15,192,SICL,Shikhar Insurance Co. Ltd.,756,765,752,755.54,9598,7246631,760.24,1120,675,2025-05-15T14:59:34.976159,755,96,755.01,22065.11
19,2025-05-15,194,NFS,Nepal Finance Ltd.,625.9,625.9,605,609.29,20970,12790772.4,615.24,2614.9,487.1,2025-05-15T14:59:58.157107,609,247,609.95,5111.6
20,2025-05-15,195,BNL,Bottlers Nepal (Balaju) Limited,17800,17800,17800,17800,10,178000,18070,22500,14900,2025-05-15T12:33:02.725408,17800,1,17800,34690.19
21,2025-05-15,204,GUFL,Gurkhas Finance Ltd.,538,548,538,540.35,6800,3677033.7,543.12,1041,528.1,2025-05-15T14:58:25.065196,540,68,540.74,4690.2
22,2025-05-15,213,BNT,Bottlers Nepal (Terai) Limited,12650,12650,12560,12560,56,704500,12700,18100,12300,2025-05-15T14:59:12.178543,12560,5,12580.35,15197.6
23,2025-05-15,219,UNL,Unilever Nepal Limited,46300,46300,46300,46300,37,1713100,46250,56805.8,39000,2025-05-15T14:30:01.643985,46300,3,46300,42628.41
24,2025-05-15,232,GFCL,Goodwill Finance Limited,650,651,638,640.45,13899,8959864,647.54,1353,446,2025-05-15T14:59:58.542414,640,106,644.64,6059.39
25,2025-05-15,235,HDL,Himalayan Distillery Limited,1219,1221,1205,1209.67,28893,35030079,1213.32,1749,1136,2025-05-15T14:59:54.819623,1215,425,1212.4,37178.02
26,2025-05-15,238,NMB,NMB Bank Limited,236,237,233,234.78,50679,11899721.4,235.86,300,176.1,2025-05-15T14:59:45.015981,234,173,234.8,43121.35
27,2025-05-15,244,SIFC,Shree Investment Finance Co. Ltd.,510,510,497,499.83,12523,6271491.7,503.92,795,409.3,2025-05-15T14:59:22.036096,498,93,500.79,4998.3
28,2025-05-15,245,CFCL,Central Finance Co. Ltd.,533.1,543,522.5,525.27,22348,11798351.4,532.93,820,377.3,2025-05-15T14:59:34.604717,527,189,527.93,4984.16
29,2025-05-15,131,NABIL,Nabil Bank Limited,485,486,481.5,482.11,47247,22844525.9,483.85,700,428,2025-05-15T14:59:57.288654,483,468,483.51,130444.49
30,2025-05-15,133,SCB,Standard Chartered Bank Limited,603,607,600,602.7,13691,8260350,602.14,790,535,2025-05-15T14:59:56.475269,601.1,155,603.34,60525.35
31,2025-05-15,134,HBL,Himalayan Bank Limited,221.2,221.2,210,215.05,28513,6135092.6,216.9,312.1,172.1,2025-05-15T14:59:57.179187,215.6,178,215.16,46572.55
32,2025-05-15,139,NICA,NIC Asia Bank Ltd.,346,348,339.9,341.58,143396,48950682,346.24,573,339.9,2025-05-15T14:59:57.348954,341,666,341.36,50955.43
33,2025-05-15,142,KBL,Kumari Bank Limited,195.5,197.9,194.7,195.96,170436,33414637.4,195.96,272.9,133.2,2025-05-15T14:59:54.52238,195.7,520,196.05,51392.2
34,2025-05-15,145,SBL,Siddhartha Bank Limited,276,276,271,272.05,34117,9303944.3,274.06,380,224.3,2025-05-15T14:59:59.427586,271,106,272.7,38331.79
35,2025-05-15,148,TRH,Taragaon Regency Hotel Limited,975,1004,974,998.37,23568,23412398.8,956.74,1538,715.4,2025-05-15T14:59:59.432666,987,169,993.39,19589.22
36,2025-05-15,149,OHL,Oriental Hotels Limited,867,919,867,891.43,16774,14893401.8,867.09,1205,740,2025-05-15T14:59:20.758278,890,111,887.88,10558.94
37,2025-05-15,153,BPCL,Butwal Power Company Limited,484.4,484.4,458.9,463.73,280997,130976663.3,474.98,555,286,2025-05-15T14:59:59.548709,467.9,870,466.11,15808.86
38,2025-05-15,154,CHCL,Chilime Hydropower Company Limited,473,488,473,482.65,51395,24770027.9,482.02,697,427,2025-05-15T14:59:54.009387,483,338,481.95,42388.24
39,2025-05-15,155,STC,Salt Trading Corporation,5110,5275,5110,5123.79,2009,10401799.6,5213.75,7000,4321,2025-05-15T14:59:57.966477,5111,80,5177.6,16432.87
40,2025-05-15,171,SANIMA,Sanima Bank Limited,303,306,302.5,305.28,35608,10864067.8,305.5,382,240,2025-05-15T14:59:56.2449,305.3,120,305.1,41461.68
41,2025-05-15,176,NICL,Nepal Insurance Co. Ltd.,767.5,778,759,760.4,5808,4437483.9,779.9,1162,750,2025-05-15T14:59:46.764941,759,81,764.02,14378.24
42,2025-05-15,177,RBCL,Rastriya Beema Company Limited,14625,14700,14555.1,14570.03,100,1461621,14508,22493.9,12917,2025-05-15T14:59:47.329779,14555.1,10,14616.21,38849.02
43,2025-05-15,178,NLICL,National Life Insurance Co. Ltd.,629,629,612.3,624.21,20516,12776248.8,622.28,776.1,528,2025-05-15T14:59:57.736493,624,95,622.74,32534.66
44,2025-05-15,180,UAIL,United Ajod Insurance Limited,600,600,590,590.43,10339,6120610.4,600,837.3,545.2,2025-05-15T14:59:54.277014,597,128,591.99,12399.03
45,2025-05-15,184,PRIN,Prabhu Insurance Ltd.,868,874.9,856.6,858.81,8289,7134069.2,868.08,1113,756,2025-05-15T14:58:58.774665,856.7,64,860.66,12379.64
46,2025-05-15,186,IGI,IGI Prudential insurance Limited,540,547,535,536.43,11372,6127328.8,540.9,760,508,2025-05-15T14:59:18.657428,536,125,538.8,16250.26
47,2025-05-15,187,NLIC,Nepal Life Insurance Co. Ltd.,750.3,758,750.3,752.53,29081,21940547.3,754.03,1060,570.1,2025-05-15T14:59:54.525525,752.2,279,754.46,67944.15
48,2025-05-15,210,CIT,Citizen Investment Trust,1929,1929,1913.1,1914.83,10536,20186994.1,1916.85,2700,1887,2025-05-15T14:59:52.806471,1913.6,240,1916,124113.78
49,2025-05-15,227,BFC,Best Finance Company Ltd.,489.9,497,485,486.64,15741,7702026.7,488.78,951.6,381.2,2025-05-15T14:59:49.000451,486.3,117,489.29,4333.16
50,2025-05-15,236,PFL,Pokhara Finance Ltd.,416.9,417,407.7,409.36,13005,5369023.5,411.2,794.9,339.9,2025-05-15T14:59:52.057263,412,111,412.84,4431.55
51,2025-05-15,255,PRVU,Prabhu  Bank Limited,202.2,202.2,197.5,197.92,88758,17595716.7,198.24,297,137,2025-05-15T14:59:53.306642,198,398,198.24,46595.3
52,2025-05-15,263,GMFIL,Guheshowori Merchant Bank & Finance Co. Ltd.,489.9,490,473.1,474.24,8766,4173724.9,480.76,759,382.2,2025-05-15T14:59:40.068537,474,68,476.12,4800.14
53,2025-05-15,268,SWBBL,Swabalamban Laghubitta Bittiya Sanstha Limited,790,794,784,785.12,6499,5111610.8,790.06,1232,781,2025-05-15T14:59:17.32536,787,51,786.52,13006.49
54,2025-05-15,273,ICFC,ICFC Finance Limited,600.1,622.3,600,611.23,21692,13206882.4,611.83,910,504.1,2025-05-15T14:59:58.281362,612,184,608.83,7233.73
55,2025-05-15,307,NTC,Nepal Doorsanchar Company Limited,879,879,866,868.19,12215,10602114.7,864.23,1214,800,2025-05-15T14:59:51.258098,870,177,867.95,156274.2
56,2025-05-15,339,BFCPO,Best Finance Co. Limited Promoter Share,330,330,330,330,100000,33000000,336.2,350,188,2025-05-15T12:21:46.545768,330,1,330,48
57,2025-05-15,250,JFL,Janaki Finance Company Limited,470,485,469.5,470.39,10715,5071590,476.02,1083.3,400,2025-05-15T14:59:36.022807,470.2,111,473.31,3247.92
58,2025-05-15,256,SFCL,Samriddhi Finance Company Limited,482,491,475.3,478.76,16016,7685204.3,484.41,1117.9,333.3,2025-05-15T14:59:57.258901,480,143,479.84,3920.62
59,2025-05-15,274,EDBL,Excel Development Bank Ltd.,609.9,614,588,596.1,20255,12131928.5,613.2,838.2,367.7,2025-05-15T14:59:57.508999,596,136,598.95,7449.43
60,2025-05-15,338,PROFL,Progressive Finance Limited,499,499,480,483.71,17886,8734497.5,493.14,865,330,2025-05-15T14:59:41.953196,486,123,488.34,4141.08
61,2025-05-15,357,PCBL,Prime Commercial Bank Ltd.,234.1,238.6,233.5,234.5,55877,13129544.1,236.93,329,190.1,2025-05-15T14:59:35.678086,237.8,160,234.97,45499.04
62,2025-05-15,358,LBBL,Lumbini Bikas Bank Ltd.,470.4,489,465.5,470.78,336917,160847280.1,480,560,367,2025-05-15T14:59:58.489964,468,932,477.4,17059.55
63,2025-05-15,360,AHPC,Arun Valley Hydropower Development Co. Ltd.,290.4,290.4,277,285.34,375302,106786529.2,284.73,349,149,2025-05-15T14:59:58.320976,286,969,284.53,10979.89
64,2025-05-15,396,NMLBBL,Nerude Mirmire Laghubitta Bittiya Sanstha Limited,609,621,609,618.28,6597,4078807.8,618.46,988,595,2025-05-15T14:59:53.386712,619,79,618.28,8642.1
65,2025-05-15,397,ADBL,Agricultural Development Bank Limited,280,282,278.2,281.11,26415,7412963.8,281.08,428.4,239,2025-05-15T14:59:57.169402,281.2,158,280.63,38948.42
66,2025-05-15,401,MLBL,Mahalaxmi Bikas Bank Ltd.,403,412,392.1,397.06,153935,61779142,409.57,498,311.7,2025-05-15T14:59:50.658226,396.2,537,401.33,17059.52
67,2025-05-15,403,SJLIC,SuryaJyoti Life Insurance Company Limited,430,435,430,431.59,26583,11475081.9,433.02,644,395.1,2025-05-15T14:59:42.077371,434,222,431.66,21631.07
68,2025-05-15,471,MPFL,Multipurpose Finance Company  Limited,585,605,585,596.83,9285,5501703.9,594.91,936.9,420.1,2025-05-15T14:59:54.214171,597,80,592.53,3641.86
69,2025-05-15,473,SHINE,Shine Resunga Development Bank Ltd.,411.2,415.9,405.3,406.59,56191,23035080.8,414.58,625,373.2,2025-05-15T14:59:58.627612,405.3,218,409.94,19824.12
70,2025-05-15,490,FMDBL,First Micro Finance Laghubitta Bittiya Sanstha Limited,741,752,730.3,734,9801,7210232.4,730.67,1004,650,2025-05-15T14:59:51.199016,733.7,93,735.66,9871.36
71,2025-05-15,516,MFIL,Manjushree Finance Ltd.,596,605,590,595.36,12666,7538690.2,596.68,917,497,2025-05-15T14:59:42.511014,597,121,595.19,8046.61
72,2025-05-15,561,SINDU,Sindhu Bikash Bank Ltd,749,778.7,713,720.52,63342,46358147.8,763.98,1482,368,2025-05-15T14:59:54.705047,718,844,731.87,4016.58
73,2025-05-15,574,SKBBL,Sana Kisan Bikas Laghubitta Bittiya Sanstha Limited,795,801,791,797.99,33896,27007044.1,791.55,1105,780.2,2025-05-15T14:59:20.764182,800,148,796.76,34414.29
74,2025-05-15,583,GBLBS,Grameen Bikas Laghubitta Bittiya Sanstha Ltd.,771.3,785,770.5,777.7,3569,2759337.6,780.58,987,667.1,2025-05-15T14:59:32.960907,777.7,46,773.14,7640.9
75,2025-05-15,587,RLFL,Reliance Finance Ltd.,495,495,478,480.27,18009,8651344.1,487.39,838,384.2,2025-05-15T14:59:31.951571,481,140,480.39,5386
76,2025-05-15,591,SHPC,Sanima Mai Hydropower Ltd.,582.5,604.9,563.1,576.97,464712,270754423.8,571.16,680,316,2025-05-15T14:59:58.041898,578,1387,582.62,21567.1
77,2025-05-15,610,RIDI,Ridi Power Company Limited,278.2,280,266.7,268.23,344469,93501148.2,272.81,311,157.9,2025-05-15T14:59:56.408186,267,1050,271.43,6231.93
78,2025-05-15,618,LLBS,Laxmi Laghubitta Bittiya Sanstha Ltd.,1069,1069,1048,1048,20,21170,1055,1428,993,2025-05-15T14:56:44.679482,1048,2,1058.5,4628.62
79,2025-05-15,632,PRVUPO,Prabhu  Bank Limited Promoter Share,110,110,110,110,8532,938520,110,124,100,2025-05-15T12:42:59.008011,110,1,110,110
80,2025-05-15,686,BARUN,Barun Hydropower Co. Ltd.,523,560,520,539.89,101666,53954130.7,525.2,589,226.1,2025-05-15T14:59:58.390854,543.9,360,530.69,2892.81
81,2025-05-15,687,VLBS,Vijaya laghubitta Bittiya Sanstha Ltd.,799,816,788,796.43,4075,3245408.8,799.87,1174,770,2025-05-15T14:59:59.053596,790,42,796.41,5933.73
82,2025-05-15,693,HLBSL,Himalayan Laghubitta Bittiya Sanstha Limited,925.17,943.6,925.17,927.3,611,570924.5,925.17,1447,817,2025-05-15T14:57:59.711851,927.3,20,934.4,2965.67
83,2025-05-15,700,HEIP,Himalayan Everest Insurance Limited Promoter,360,360,357,357,1721,618897,360,563,327,2025-05-15T14:53:08.845202,357,4,359.61,954.99
84,2025-05-15,1741,MERO,Mero Microfinance Bittiya Sanstha Ltd.,702,707.9,695,701.26,9825,6850331.6,702.05,980,648,2025-05-15T14:59:44.866985,704,69,697.23,9950.88
85,2025-05-15,341,GBIME,Global IME Bank Limited,216,217,214.3,215.32,89466,19259464.3,215.66,302,170,2025-05-15T14:59:54.812782,215.7,404,215.27,82071.05
86,2025-05-15,348,CZBIL,Citizens Bank International Limited,200,200,197,197.86,27432,5440824.4,197.81,296,158,2025-05-15T14:59:57.001307,198.5,133,198.33,29221.97
87,2025-05-15,371,MDB,Miteri Development Bank Limited,620,620,600,603.4,19678,11945149,610.87,843.5,469.2,2025-05-15T14:59:58.055871,607,171,607.03,7343.98
88,2025-05-15,385,ALICL,Asian Life Insurance Co. Limited,722,727.9,713.2,718.74,13151,9463091.3,721.27,831,542.1,2025-05-15T14:59:57.707373,721.9,106,719.57,24435.98
89,2025-05-15,393,HLI,Himalayan Life Insurance Limited,408,410,403,404.08,51159,20723850.8,407.11,607,364.1,2025-05-15T14:59:56.191296,403.3,363,405.08,36945.99
90,2025-05-15,417,GBBL,Garima Bikas Bank Limited,403.7,404,394,398.74,27398,10935545.8,401.33,531.4,350.1,2025-05-15T14:59:50.349164,397.1,108,399.13,22650.5
91,2025-05-15,418,JBBL,Jyoti Bikas Bank Limited,339,342.5,333.5,333.94,38735,13057755.5,339.75,445,279.1,2025-05-15T14:59:57.418295,335.9,170,337.1,14679.29
92,2025-05-15,450,CORBL,Corporate Development Bank Limited,2345.2,2345.2,2079,2100.46,8572,18120868.3,2299.31,2842.3,460.1,2025-05-15T14:58:34.522975,2090,172,2113.96,11027.42
93,2025-05-15,459,KSBBL,Kamana Sewa Bikas Bank Limited,455,460,447,448.56,50108,22648586.6,452.92,564.8,362,2025-05-15T14:59:58.585705,449,232,451.99,15748.25
94,2025-05-15,469,NIMBPO,Nepal Investment Mega Bank Ltd. Promoter Share,153.2,157.7,153.1,153.36,228,34967.8,155,222,128,2025-05-15T14:59:14.562681,157.7,4,153.36,28076.44
95,2025-05-15,472,SADBL,Shangrila Development Bank Ltd.,410,415,402,405.98,46817,19121240.2,412.33,497,303.4,2025-05-15T14:59:57.905981,404.1,170,408.42,14437.69
96,2025-05-15,474,MNBBL,Muktinath Bikas Bank Ltd.,370,370,362.7,367.1,41470,15196992.6,365.57,482,336,2025-05-15T14:59:47.625694,369,224,366.45,25869.31
97,2025-05-15,517,NBL,Nepal Bank Limited,244,246.8,243,243.95,50001,12205275.7,245.15,337.5,202,2025-05-15T14:59:53.108816,243.3,281,244.1,35846.07
98,2025-05-15,545,SLBBL,Swarojgar Laghubitta Bittiya Sanstha Ltd.,826,843,825,826.66,6579,5465000.6,836.56,1250,723.3,2025-05-15T14:59:08.483485,825.1,117,830.67,6480.39
99,2025-05-15,559,NLG,NLG Insurance Company Ltd.,783,783,750,752.71,26941,20371649.2,769.28,1382,732,2025-05-15T14:59:58.770224,755.1,226,756.15,18837.76
100,2025-05-15,593,KMCDB,Kalika Laghubitta Bittiya Sanstha Ltd,1029,1029,989.8,1006.25,3001,2991389.2,1010.26,1285,914.4,2025-05-15T14:59:55.393724,997,51,996.79,4102.41
101,2025-05-15,601,MLBBL,Mithila LaghuBitta Bittiya Sanstha Limited,1430,1445,1415,1415.56,4432,6313807.5,1427.09,2019,1224,2025-05-15T14:59:45.716435,1415,82,1424.59,3169.91
102,2025-05-15,634,RBCLPO,Rastriya Beema Company Limited Promoter Share,11395,11396,11200,11200,70,787920,11210,16270,9893.1,2025-05-15T14:04:55.684671,11200,5,11256,19894.52
103,2025-05-15,694,MATRI,Matribhumi Lagubitta Bittiya Sanstha Limited,1169,1181,1152,1157.79,607,705526,1179,1716,933.2,2025-05-15T14:58:49.733931,1165,30,1162.31,7275.06
104,2025-05-15,695,JSLBB,Janautthan Samudayic Laghubitta Bittya Sanstha Limited,1370,1374,1322,1349,1435,1926068.5,1347.11,1860.4,1274,2025-05-15T14:55:59.348846,1349,27,1342.2,2294.54
105,2025-05-15,697,API,Api Power Company Ltd.,291,302,291,295.45,355365,105609002,295.76,390,163.8,2025-05-15T14:59:59.591475,295,1057,297.18,17951.33
106,2025-05-15,704,NMBMF,NMB  Microfinance Bittiya Sanstha Ltd.,690.1,699.8,679,686.8,898,619458,690,918,630,2025-05-15T14:59:54.053387,682,14,689.81,4954.91
107,2025-05-15,705,GILB,Global IME Laghubitta Bittiya Sanstha Ltd.,1233,1233,1212,1218.39,1732,2106355,1220.87,1815,1118.2,2025-05-15T14:59:20.70323,1214,32,1216.14,7540.62
108,2025-05-15,706,SWMF,Suryodaya Womi Laghubitta Bittiya Sanstha Limited,703,705,696.1,696.27,2110,1474725.4,699.6,1214.8,682.1,2025-05-15T14:59:37.397006,696.1,43,698.92,7702.74
109,2025-05-15,2744,GRDBL,Green Development Bank Ltd.,1102,1102,1020.1,1037.12,35925,37999286.2,1103.11,2001.4,417,2025-05-15T14:59:57.761834,1039,213,1057.73,5908.46
110,2025-05-15,2754,DHPL,Dibyashwori Hydropower Ltd.,357,392,353.6,355.05,95463,35871715.5,362.7,427.2,185.3,2025-05-15T14:59:42.815807,355,281,375.76,937.33
111,2025-05-15,2757,AKPL,Arun Kabeli Power Ltd.,247.2,247.2,240,244.15,192900,46964520.2,242.4,326,157.2,2025-05-15T14:59:58.304951,245,646,243.46,9511.94
112,2025-05-15,2759,SPDL,Synergy Power Development Ltd.,370,383.5,364,367.46,221206,82294497.1,375.43,419.9,227.8,2025-05-15T14:59:59.622993,366.9,647,372.02,4445.76
113,2025-05-15,2742,HIDCL,Hydorelectricity Investment and Development Company Ltd,288,291,285,288.79,311585,89584618.9,285.83,360,158.1,2025-05-15T14:59:56.335017,288.5,854,287.51,70926.29
114,2025-05-15,2743,NGPL,Ngadi Group Power Ltd.,374,375.7,366.2,367.63,874840,323642515,368.62,571,250,2025-05-15T14:59:58.419122,367,2101,369.94,13611.72
115,2025-05-15,2746,NMFBS,National Laghubitta Bittiya Sanstha Limited,1201,1218,1201,1211.11,1374,1663204,1218.45,1727,1161,2025-05-15T14:59:33.959985,1212.1,26,1210.48,16127.25
116,2025-05-15,2748,RSDC,RSDC Laghubitta Bittiya Sanstha Ltd.,644,652.7,641.2,650.66,7731,5024022.8,644.97,890,639,2025-05-15T14:59:29.862115,652,84,649.85,6728.24
117,2025-05-15,2751,KKHC,Khanikhola Hydropower Co. Ltd.,345,350,341,343.48,19588,6749368.5,349.98,475,213,2025-05-15T14:59:50.029319,342,129,344.56,1599.64
118,2025-05-15,2758,FOWAD,Forward Microfinance Laghubitta Bittiya Sanstha Limited,1075,1075,1065,1072.05,2329,2489707.6,1075,1739,1059.3,2025-05-15T14:58:59.3781,1073,60,1069,12821.22
119,2025-05-15,2761,SMATA,Samata Gharelu Laghubitta Bittiya Sanstha Limited,751,760,745,751.59,2111,1588160.2,751,1271,735,2025-05-15T14:59:17.911537,755,78,752.32,4727.89
120,2025-05-15,2766,CHL,Chhyangdi Hydropower Ltd.,480,484.9,475,478.22,171412,82172300.5,475.96,599.7,300.9,2025-05-15T14:59:59.437954,479.9,1060,479.38,1850.6
121,2025-05-15,2770,SEF,Siddhartha Equity Fund,9.89,9.89,9.6,9.7,19400,188234,9.7,10.49,7.8,2025-05-15T14:25:46.758443,9.7,6,9.7,1455
122,2025-05-15,2771,SMB,Support Microfinance Bittiya Sanstha Ltd.,2285.28,2300,2275,2289.55,1346,3079862.6,2285.28,4026.2,1502,2025-05-15T14:59:53.744497,2286,50,2288.15,2803.41
123,2025-05-15,2774,USLB,Unnati Sahakarya Laghubitta Bittiya Sanstha Limited,1889,1906.9,1840,1860.91,4070,7633308.3,1927.31,2363.3,1320,2025-05-15T14:59:57.843943,1864,72,1875.5,4593.95
124,2025-05-15,2776,RADHI,Radhi Bidyut Company Ltd,729,734,708,716.86,613029,441702921.4,714.8,769,227,2025-05-15T14:59:58.378806,715.4,1865,720.52,13182.91
125,2025-05-15,2784,NADEP,Nadep Laghubittiya bittya Sanstha Ltd.,799,801.9,783.1,787.58,1060,839078,786.41,1190,744,2025-05-15T14:51:21.88492,801,27,791.58,3825.75
126,2025-05-15,2787,KPCL,Kalika power Company Ltd,534,534,519,521.9,9602,5008089.4,524.15,652.4,399,2025-05-15T14:54:20.159623,524,57,521.56,4874.28
127,2025-05-15,2788,AKJCL,Ankhu Khola Jalvidhyut Company Ltd,202.5,208,202.5,205.45,185187,38068347.2,206.59,274.9,150.9,2025-05-15T14:59:57.173169,206,591,205.56,4109
128,2025-05-15,2789,JOSHI,Joshi Hydropower Development Company Ltd,436,444.4,397.1,404.95,221166,92084168.5,435.73,521.6,265,2025-05-15T14:59:59.481661,397.1,1164,416.35,1503.98
129,2025-05-15,2790,ACLBSL,Aarambha Chautari Laghubitta Bittiya Sanstha Limited,1014.1,1046.2,1013,1016.72,2629,2683495.2,1025.71,1491,866,2025-05-15T14:58:47.401627,1015,38,1020.72,3732.82
130,2025-05-15,2806,GHL,Ghalemdi Hydro Limited,249,258,246.5,247.67,154007,38423976,254,318,141.6,2025-05-15T14:59:51.481477,249,499,249.49,4086.55
131,2025-05-15,2809,SHIVM,SHIVAM CEMENTS LTD,533,533,524,524.75,120169,63227129,526.65,779.9,470.5,2025-05-15T14:59:54.298617,526,476,526.15,28634.6
132,2025-05-15,2811,MHNL,Mountain Hydro Nepal Limited,260.1,265,260,261.76,23138,6045957.9,263.71,379,225,2025-05-15T14:59:59.786794,264,100,261.29,3272
133,2025-05-15,2813,PPCL,Panchthar Power Compant Limited,344,344,332.1,333.17,52290,17492814.6,337.6,367.2,221.6,2025-05-15T14:59:50.941574,334,140,334.53,3206.76
134,2025-05-15,2815,GMFBS,Ganapati Laghubitta Bittiya Sanstha Limited,1530.1,1532.1,1530.1,1530.32,1075,1646197.7,1536.51,2327,1161.2,2025-05-15T14:59:07.506592,1530.3,15,1531.34,2319.27
135,2025-05-15,2829,SMFBS,Swabhimaan Laghubitta Bittiya Sanstha Limited,1660,1692,1610,1625.42,1645,2704006.6,1630.51,2426.4,1254,2025-05-15T14:59:33.917877,1659.8,47,1643.77,2494.13
136,2025-05-15,2832,ILBS,Infinity Laghubitta Bittiya Sanstha Limited,825.2,849,825,826.11,1711,1419378.9,834.88,1492,822.3,2025-05-15T14:55:52.279005,827,56,829.56,4109.2
137,2025-05-15,2835,NBF2,NABIL BALANCED FUND-2,9.9,10.05,9.52,9.97,3460,34287,9.71,10.63,8,2025-05-15T13:59:40.002037,9.97,13,9.9,1116.64
138,2025-05-15,2841,RHPL,RASUWAGADHI HYDROPOWER COMPANY LIMITED,382,388,382,383.95,62088,23866727.2,384.48,527,260.3,2025-05-15T14:59:23.818474,383,236,384.4,26270.24
139,2025-05-15,2842,SJCL,SANJEN JALAVIDHYUT COMPANY LIMITED,321,321,318,319.84,14854,4742976.1,320.23,442,256,2025-05-15T14:59:51.629247,320,108,319.3,11674.16
140,2025-05-15,2854,NBBD2085,10.25% NBBL Debenture 2085,1117,1117,1117,1117.4,2,2234.8,1117,1240,1051,2025-05-15T14:57:17.845014,1117,1,1117.4,2234.8
141,2025-05-15,2760,UMHL,United Modi Hydropower Ltd.,502,505,497.2,500.93,171783,86116755.6,501.74,517,227.4,2025-05-15T14:59:59.061871,502.4,467,501.31,6163.94
142,2025-05-15,2767,HPPL,Himalayan Power Partner Ltd.,501,511,497,499.71,94355,47425267.2,506.93,711,250,2025-05-15T14:59:54.023115,501,404,502.62,5324
143,2025-05-15,2768,MSLB,Mahuli Laghubitta Bittiya Sanstha Limited,1172.1,1196,1172.1,1180.6,1620,1914975,1194.7,1851,1130.2,2025-05-15T14:59:51.711116,1181,84,1182.08,4367.32
144,2025-05-15,2769,NHDL,Nepal Hydro Developers Ltd.,680,691,669,672.28,4945,3342252.8,677.17,1002.6,443.2,2025-05-15T14:59:00.113808,674.7,75,675.88,2609.77
145,2025-05-15,2781,WNLB,Wean Nepal Laghubitta Bittiya Sanstha Limited,2475,2545,2471,2479.37,1089,2707418.1,2508.47,4271,1320,2025-05-15T14:59:06.408094,2475,32,2486.15,2091.12
146,2025-05-15,2786,PMHPL,Panchakanya Mai Hydropower Ltd,300,300,292.1,295.31,22626,6666427.8,300.41,348.8,219.6,2025-05-15T14:59:46.172647,297.5,85,294.63,3248.41
147,2025-05-15,2792,UPPER,Upper Tamakoshi Hydropower Ltd,200,201,198.6,199.59,168695,33622369.7,199.9,295,152.1,2025-05-15T14:59:56.182151,200,729,199.3,42273.16
148,2025-05-15,2804,SLBSL,Samudayik Laghubitta Bittiya Sanstha Limited,1451,1484.9,1422,1450.09,4322,6221073,1470.06,3047,804,2025-05-15T14:59:58.345212,1425.9,125,1439.39,2476.83
149,2025-05-15,2807,ALBSL,Asha Laghubitta Bittiya Sanstha Ltd,800,806.9,784,787.42,5738,4540808.4,791.16,1177,771,2025-05-15T14:57:52.623202,800,111,791.35,5772.15
150,2025-05-15,2810,UPCL,UNIVERSAL POWER COMPANY LTD,413,427,411.9,415.72,799949,334598604.5,413.96,445,183,2025-05-15T14:59:58.053935,418.9,2082,418.27,9478.12
151,2025-05-15,2824,HURJA,Himalaya Urja Bikas Company Limited,253.1,259.9,253,255.37,225606,57745152,257.72,326.6,183.6,2025-05-15T14:59:59.063263,255.1,546,255.95,5056.33
152,2025-05-15,2826,GLBSL,Gurans Laghubitta Bittiya Sanstha Limited,2681,2698,2601,2665.51,1241,3268926.3,2680.58,3486,1560,2025-05-15T14:59:55.448737,2698,52,2634.1,3087.98
153,2025-05-15,2828,SAND2085,10% Sanima Bank Limited Debenture,1102.2,1102.2,1102.2,1102.2,25,27555,1105,1256.6,1028,2025-05-15T12:49:41.409269,1102.2,1,1102.2,2204.4
154,2025-05-15,2831,UNHPL,Union Hydropower Limited,327,339.5,327,328.88,70355,23205278.7,333.32,371,217.2,2025-05-15T14:59:58.732027,330,296,329.83,2466.6
155,2025-05-15,2859,SIGS2,Siddhartha Investment Growth Scheme - 2,10.29,10.29,10.29,10.29,2000,20580,10.48,10.48,7.94,2025-05-15T14:57:04.378575,10.29,1,10.29,1234.8
156,2025-05-15,2862,CMF2,CITIZENS MUTUAL FUND 2,9.39,9.42,9.39,9.42,300,2822,9.41,10.68,8,2025-05-15T12:49:09.968121,9.42,3,9.4,527.52
157,2025-05-15,2863,NICBF,NIC Asia Balanced Fund,9.04,9.04,9.04,9.04,200,1808,9.09,10.5,8.38,2025-05-15T14:05:07.117613,9.04,1,9.04,682.52
158,2025-05-15,2887,NICLBSL,NIC ASIA Laghubitta Bittiya Sanstha Limited,610,615,607,610.03,4976,3032649.8,612.21,907,606.3,2025-05-15T14:59:08.96415,613,100,609.45,10611.11
159,2025-05-15,2898,NRN,NRN Infrastructure and Development Limited,2050,2060,1982,1985.04,79630,159185565.1,2020.6,2159,494.1,2025-05-15T14:59:51.971249,1983,731,1999.06,25495.3
160,2025-05-15,2902,LUK,Laxmi Unnati Kosh,9.6,9.79,9.55,9.73,2350,22730,9.62,10.22,8.16,2025-05-15T14:59:51.726237,9.79,7,9.67,635
161,2025-05-15,2903,LEC,Liberty Energy Company Limited,218.9,218.9,211.1,213.8,172701,36816556.3,215.63,344,175.1,2025-05-15T14:59:50.454286,213.7,526,213.18,4810.5
162,2025-05-15,2904,PBLD84,10% Prabhu Bank Debenture 2084 ,1115.1,1115.1,1115.1,1115.1,100,111510,1120.73,1130,1022,2025-05-15T14:31:36.563478,1115.1,1,1115.1,2230.2
163,2025-05-15,2907,SSHL,Shiva Shree Hydropower Ltd,230.1,234.5,230.1,231.31,70663,16338487.1,230.97,281.1,157.5,2025-05-15T14:59:56.583746,231.9,284,231.21,3415.06
164,2025-05-15,2913,MEN,Mountain Energy Nepal Limited,570.8,570.8,562.8,563.2,29324,16540955.9,562.8,809.5,539,2025-05-15T14:59:59.624,562.8,192,564.07,14658.5
165,2025-05-15,2915,PMLI,Prabhu Mahalaxmi Life Insurance Limited,540.09,551,540.09,542.39,5742,3122591.5,544.29,732.2,477.1,2025-05-15T14:59:40.009986,543,162,543.81,25631.18
166,2025-05-15,2917,CGH,Chandragiri Hills Limited,858,874,850,862.54,18776,16203533.8,857.83,1360,785,2025-05-15T14:59:35.872493,863.3,266,862.99,13232.15
167,2025-05-15,2919,NIFRA,Nepal Infrastructure Bank Limited,270.4,279,270.4,276.37,159452,44016447.6,275.87,366.6,188.1,2025-05-15T14:59:58.347891,276.8,780,276.04,59695.92
168,2025-05-15,2923,SLCF,Sanima Large Cap Fund,9.61,9.8,9.61,9.8,9300,90242.5,9.64,10.6,7.84,2025-05-15T14:57:33.218167,9.8,16,9.7,1176
169,2025-05-15,2860,SAPDBL,Saptakoshi Development Bank Ltd,780,795.6,750,753.37,42931,32834992.6,795.24,1622.7,315.2,2025-05-15T14:59:59.083873,751.4,368,764.83,6285.66
170,2025-05-15,2866,MBLD2085,10.25% Machhapuchhre Bank Debenture 2085,1130,1130,1130,1130,25,28250,1125.9,1206.8,1030.2,2025-05-15T12:47:59.741568,1130,1,1130,3390
171,2025-05-15,2867,NMB50,NMB 50,10.6,10.81,10.6,10.81,265,2840.5,10.79,12.54,8.95,2025-05-15T14:33:08.262675,10.81,2,10.71,1351.25
172,2025-05-15,2877,SFMF,Sunrise First Mutual Fund,10.22,10.71,10.22,10.71,4075,42907.5,10.34,11.99,9.22,2025-05-15T13:53:35.881669,10.71,6,10.52,921.06
173,2025-05-15,2880,HDHPC,Himal Dolakha Hydropower Company Limited,198.6,204,198.6,202.17,286724,57610440.1,202.58,273,123.3,2025-05-15T14:59:58.390259,204,710,200.92,5660.76
174,2025-05-15,2881,NRIC,Nepal Reinsurance Company Limited,1220,1225,1185.1,1195.15,75509,90832708.6,1222.19,1389.9,630.1,2025-05-15T14:59:59.492999,1188,521,1202.93,160415.27
175,2025-05-15,2882,ICFCD83,12% ICFC Finance Limited Debenture 2083,1190,1190,1190,1190,200,238000,1208,1325,1165,2025-05-15T14:10:52.234313,1190,1,1190,238
176,2025-05-15,2883,GWFD83,12 % Goodwill Finance Limited Debenture 2083,1165.1,1165.1,1165.1,1167.9,3,3477.9,1165.1,1363.2,1140,2025-05-15T14:40:02.245749,1165.1,3,1159.3,291.98
177,2025-05-15,2890,SBIBD86,10% Nepal SBI Bank Debenture 2086,1117.3,1117.3,1117.2,1117.2,50,55862.5,1140,1160,1022.6,2025-05-15T12:08:19.198364,1117.2,2,1117.25,2272.26
178,2025-05-15,2896,SMPDA,Sampada Laghubitta Bittiya Sanstha Limited,906,930,906,921.47,4093,3754253.2,921.39,1470.8,826,2025-05-15T14:59:55.939809,920.1,56,917.23,6458.2
179,2025-05-15,2908,SGIC,Sanima GIC Insurance Limited,572.3,572.3,551,554.2,11962,6658768.8,561.11,817.1,516,2025-05-15T14:59:32.948982,551,146,556.66,11915.3
180,2025-05-15,2909,SGICP,Sanima GIC Insurance Limited Promoter Share,323,323,323,323,320573,80143250,323,323,100,2025-05-15T14:21:34.499951,323,9,250,
181,2025-05-15,2914,UMRH,United IDI Mardi RB Hydropower Limited.,576,576,555,556.38,10655,5996853.4,564.74,790,350,2025-05-15T14:59:33.677268,564,104,562.82,2563.93
182,2025-05-15,2933,KEF,Kumari Equity Fund,8.86,9.1,8.86,9.1,3916,35250.6,9.03,10.76,7.91,2025-05-15T14:59:27.967246,9.1,10,9,910
183,2025-05-15,2935,RURU,Ru Ru Jalbidhyut Pariyojana Limited,688.1,705,688.1,693.42,8813,6135760.9,695.82,926.8,548,2025-05-15T14:59:17.690139,693,107,696.21,3933.93
184,2025-05-15,2937,SBCF,Sunrise Bluechip Fund,9.37,9.41,9.37,9.4,25365,238025.93,9.37,10.04,7.56,2025-05-15T14:59:25.067119,9.4,15,9.38,1175
185,2025-05-15,4947,PSF,Prabhu Select Fund,10.66,10.8,10.66,10.66,115215,1228986,10.64,11.1,8.36,2025-05-15T14:59:27.285531,10.66,27,10.66,1332.5
186,2025-05-15,4949,NIBSF2,NIBL Samriddhi Fund -2,8.06,8.21,8.06,8.19,22450,184131,8.2,9.6,7.53,2025-05-15T14:51:31.953396,8.19,12,8.2,1228.5
187,2025-05-15,4951,JBLB,Jeevan Bikas Laghubitta  Bittya Sanstha Ltd,1290,1301,1285.1,1297.33,4875,6319434.9,1291.54,1920,1270.7,2025-05-15T14:59:58.533784,1300,154,1296.29,19929.22
188,2025-05-15,4962,PBLD87,8.5% Prabhu Bank Debenture 2087,1061.1,1061.1,1061.1,1061.1,25,26527.5,1050.1,1080,960,2025-05-15T11:25:08.64054,1061.1,1,1061.1,2811.91
189,2025-05-15,4965,SAMAJ,Samaj Laghubittya Bittiya Sanstha Limited,2400,2470,2390,2420,152,367990,2432,4181,2000,2025-05-15T14:52:37.744896,2425,10,2420.98,552.97
190,2025-05-15,4969,MND84/85,Muktinath Debenture 2084/85,1067.7,1067.7,1067.7,1067.7,25,26692.5,1070,1100,950.9,2025-05-15T14:57:45.696326,1067.7,1,1067.7,1334.63
191,2025-05-15,5982,SRLI,Sanima Reliance Life Insurance Limited,403.3,405.9,401,401.93,45856,18478551.3,404.66,654,401,2025-05-15T14:59:39.122035,402.2,472,402.96,20156.48
192,2025-05-15,7985,MBLD87,8.5% Machhapuchchhre Debenture 2087,1070,1070,1070,1070,8,8560,1070,1081,931,2025-05-15T14:56:49.559273,1070,2,1070,2411.24
193,2025-05-15,8004,GBILD86/87,Global IME Bank Limited Debenture 2086/87,1051.1,1051.1,1051.1,1054.3,2,2108.6,1051.1,1095,935.5,2025-05-15T14:28:04.536432,1051.1,1,1054.3,3162.9
194,2025-05-15,8005,MKJC,Mailung Khola Jal Vidhyut Company Limited,516.09,516.09,506,507.56,11781,5990432.6,506.25,735,402,2025-05-15T14:59:32.60923,506.2,115,508.48,1910.05
195,2025-05-15,8021,SAHAS,Sahas Urja Limited,513,517.9,512,513.51,93657,48207860.5,512.34,725,409.5,2025-05-15T14:59:49.430155,513.9,603,514.72,19410.68
196,2025-05-15,8022,TPC,Terhathum Power Company Limited,575,590,570.1,580.92,69643,40761198,578.11,671.6,410,2025-05-15T14:59:50.955756,585,384,585.28,2323.68
197,2025-05-15,2924,GLH,GreenLife Hydropower Limited,258,264.8,256,262.79,96366,25034091.1,260.65,336,196,2025-05-15T14:59:54.252682,260.7,389,259.78,4730.22
198,2025-05-15,2925,MLBSL,Mahila Lagubitta Bittiya Sanstha Limited ,2166,2230,2165.5,2194.27,715,1560121,2197.76,2648.7,1803.5,2025-05-15T14:59:14.611111,2217,34,2181.98,4773.91
199,2025-05-15,2931,NIBD84,8.5% Nepal Investment Bank Debenture 2084,1062.8,1062.8,1062.8,1062.8,32,34009.6,1042,1077,943,2025-05-15T12:10:24.273801,1062.8,1,1062.8,4251.2
200,2025-05-15,2934,SHEL,Singati Hydro Energy Limited,269,269.9,263.7,266.63,195086,51966267.4,265.97,334.4,151.5,2025-05-15T14:59:59.320528,269,697,266.37,7732.27
201,2025-05-15,3946,CHDC,CEDB Holdings Limited,2547.7,2570,2518.1,2527.06,30896,78370780.8,2547.71,2730,716.1,2025-05-15T14:59:52.223124,2528,384,2536.59,26135.79
202,2025-05-15,4948,KSBBLD87,9% Kamana Sewa Bikas Bank Limited Debenture 2087,1110,1110,1110,1110,46,51060,1095.1,1110,980,2025-05-15T13:46:31.94127,1110,3,1110,1110
203,2025-05-15,4959,NBLD87,8.5% Nepal Bank Debenture 2087,1070.1,1070.1,1070.1,1070.1,25,26752.5,1065.2,1082.2,916,2025-05-15T13:45:44.001706,1070.1,1,1070.1,3745.35
204,2025-05-15,4963,NMBD87/88,NMB Debenture 8.50% - 2087/88,1060,1060,1060,1060,25,26500,1060,1103.6,930,2025-05-15T11:21:29.809151,1060,1,1060,2120
205,2025-05-15,4967,NICSF,NIC Asia Select Fund 30,9.08,9.1,9.05,9.08,1700,15423,9.23,11.45,8.31,2025-05-15T14:53:54.149282,9.08,10,9.07,1135
206,2025-05-15,4968,RMF1,RBB Mutual Fund 1,9.1,9.29,9.1,9.2,24600,227906,9.12,10.19,7.67,2025-05-15T14:53:37.974765,9.2,20,9.26,1150
207,2025-05-15,8018,MLBS,Manushi Laghubitta Bittiya Sanstha Limited,1626,1640,1617.1,1629.4,498,810816,1641.26,2530,1275,2025-05-15T14:56:43.303874,1630,17,1628.14,1782.16
208,2025-05-15,8020,JBBD87,Jyoti Bikash Bank Bond 2087,1100,1119,1100,1119,102,113950,1100,1119,965,2025-05-15T12:29:47.563592,1119,6,1117.15,1678.5
209,2025-05-15,8024,NBF3,Nabil Balanced Fund-3,9.74,9.93,9.36,9.59,27010,256655,9.55,10.45,7.08,2025-05-15T14:52:54.589058,9.68,53,9.5,1198.75
210,2025-05-15,8031,MBJC,Madhya Bhotekoshi Jalavidyut Company Limited,314.1,318,313.1,314.42,60818,19151900.1,315.64,433,284,2025-05-15T14:59:55.829598,314,440,314.9,18865.2
211,2025-05-15,8034,ENL,Emerging Nepal Limited,1097,1143,1097,1107.96,1436,1605539,1107.71,1453.5,810,2025-05-15T14:57:18.342349,1110,66,1118.06,6155.83
212,2025-05-15,8041,NESDO,NESDO Sambridha Laghubitta Bittiya Sanstha Limited,1630,1630,1615,1615.88,865,1401899.6,1620,2641,1613,2025-05-15T14:58:47.820541,1615,38,1620.69,4707.66
213,2025-05-15,8043,CBLD88,Civil Bank Debenture 2088,1131,1131,1131,1131,25,28275,1131,1254.2,1018,2025-05-15T11:24:38.701901,1131,1,1131,3393
214,2025-05-15,8044,EBLD86,Everest Bank Limited,1061,1061,1061,1065,5,5325,1061,1080,937,2025-05-15T14:23:25.003071,1061,2,1065,912.47
215,2025-05-15,8066,RFPL,River Falls Power Limited,510,513,493,494.93,27896,13967491.1,512.78,1484,333.8,2025-05-15T14:59:55.268081,493,282,500.69,3464.51
216,2025-05-15,8070,DORDI,Dordi Khola Jal Bidyut Company Limited,402.7,418,401.1,403.52,26496,10739868.6,410.89,696,350,2025-05-15T14:59:57.300364,405,193,405.33,8508.3
217,2025-05-15,8075,BHDC,Bindhyabasini Hydropower Development Company Limited,505,510,490,492.16,16181,8049548.7,514.25,829.7,472.2,2025-05-15T14:59:57.956219,490,188,497.46,5560.42
218,2025-05-15,8098,SBLD89,10.75% SBL Debenture 2089,1275,1275,1275,1275,50,63750,1278.3,1278.3,1056.5,2025-05-15T14:41:03.83011,1275,1,1275,5100
219,2025-05-15,8100,SGHC,Swet-Ganga Hydropower & Construction Limited ,463.9,475,463.9,472.44,5041,2376363.3,473.1,649.5,314,2025-05-15T14:59:54.717103,467,72,471.4,7525.97
220,2025-05-15,8106,GIBF1,Global IME Balanced Fund-1,10.36,10.41,10.21,10.36,192100,1987771,10.34,10.72,8,2025-05-15T14:56:36.589458,10.36,27,10.34,1062.69
221,2025-05-15,8108,RHGCL,Rapti Hydro And General Construction Limited,536,552,535,546.74,33220,18152285.2,546.84,708,332.8,2025-05-15T14:59:59.2286,546.1,288,546.42,3350.39
222,2025-05-15,8110,SBID83,10.25% Nepal SBI Bank Debenture 2083,1100,1100,1078.1,1099.6,567,623055.7,1099,1147.4,1015.1,2025-05-15T14:08:42.185394,1099.6,3,1098.86,2640.67
223,2025-05-15,8116,PBD84,10.15% Prime Debenture 2084,1112,1112,1112,1112,10,11120,1095,1123,1000,2025-05-15T12:36:16.046539,1112,1,1112,
224,2025-05-15,8121,SPHL,Sayapatri Hydropower Limited,704,717.7,683,689.52,2280,1570855.8,692,922,452.3,2025-05-15T14:59:52.499115,690.1,32,688.97,2068.56
225,2025-05-15,8023,MMF1,Mega Mutual Fund -1,8.77,9.19,8.76,9.08,374130,3394063.2,8.94,9.72,7.02,2025-05-15T14:56:36.013281,9.09,66,9.07,1135
226,2025-05-15,8025,SPC,Samling Power Company Limited,521.1,530,519.7,520.29,17966,9365770.8,525.19,722,471.7,2025-05-15T14:59:52.707876,519.9,155,521.3,2601.45
227,2025-05-15,8026,NYADI,Nyadi Hydropower Limited,478.4,478.4,450,452.47,40014,18277363.3,469.06,880,280,2025-05-15T14:59:46.943032,454,307,456.77,6787.05
228,2025-05-15,8032,BNHC,Buddha Bhumi Nepal Hydropower Company Limited,496,507,487,493.45,9628,4762481.8,497.1,742,440,2025-05-15T14:56:53.069286,493,114,494.64,1973.8
229,2025-05-15,8045,GVL,Green Ventures Limited,440.2,444,436.1,441.88,12943,5702855.9,444.4,699.9,424,2025-05-15T14:59:50.456753,441.2,181,440.61,15189.63
230,2025-05-15,8055,BHL,Balephi Hydropower Limited,220,220,216.3,217.07,250905,54588029.9,218.2,520,211.7,2025-05-15T14:59:56.700231,217.3,1014,217.56,7935.95
231,2025-05-15,8063,ULBSL,Upakar Laghubitta Bittiya Sanstha Limited,3180,3550,3121,3546.38,19687,68722168.2,3235.18,6600,1715,2025-05-15T14:53:52.563544,3479,126,3490.73,3764.42
232,2025-05-15,8065,CYCL,CYC Nepal Laghubitta Bittiya Sanstha Limited,1605,1632,1591,1593.47,3264,5213823.5,1601.94,1958,1420,2025-05-15T14:59:43.132319,1591,86,1597.37,4245.39
233,2025-05-15,8068,CCBD88,Century Debenture 2088,1188,1188,1188,1188,150,178200,1165,1250,1049.1,2025-05-15T12:13:02.683604,1188,1,1188,2613.6
234,2025-05-15,8073,NICFC,NIC Asia Flexi CAP Fund,8.88,9.06,8.88,9.04,4800,43331,9.02,10.99,8.13,2025-05-15T14:38:10.258724,9.04,20,9.02,92.21
235,2025-05-15,8074,KDBY,Kumari Dhanabriddhi Yojana,9.33,9.4,9.33,9.38,7200,67263.5,9.39,11,8.51,2025-05-15T14:55:08.588231,9.38,36,9.34,37.52
236,2025-05-15,8076,HHL,Himalayan Hydropower Limited,443,443,429.1,432.51,14080,6099931.1,442.52,635,342.6,2025-05-15T14:59:45.11636,433.5,154,433.23,4735.98
237,2025-05-15,8097,PBD88,10% Prime Debenture 2088,1145.2,1145.2,1145.2,1145.2,50,57260,1146,1219.7,1001,2025-05-15T14:00:01.037506,1145.2,2,1145.2,1994.81
238,2025-05-15,8099,UHEWA,Upper Hewakhola Hydropower Company Limited,601,615,601,607.43,6127,3739648.5,609.75,993.4,380,2025-05-15T14:59:47.240926,614.1,64,610.35,3037.15
239,2025-05-15,8102,MHL,Mandakini Hydropower Limited,599,610,593.1,599.06,3320,1987675.3,603.18,1101,390,2025-05-15T14:59:48.219291,600,50,598.69,3874.52
240,2025-05-15,8104,USHEC,Upper Solu Hydro Electric Company Limited,502.8,508,481.2,484.45,11847,5834253.2,493.49,752,370.5,2025-05-15T14:59:44.236047,487,119,492.46,6540.07
241,2025-05-15,8111,HIDCLP,Hydorelectricity Investment and Development Company Limited Promoter,199,204.8,196.6,203.01,442041,88633678.5,195.38,231,97.2,2025-05-15T14:59:58.525402,204.6,662,200.51,6699.33
242,2025-05-15,8117,AVYAN,Aviyan Laghubitta Bittiya Sanstha Limited,985,1004,985,994.36,2660,2651184,997.04,1306.8,804.4,2025-05-15T14:59:56.54888,994,49,996.68,2485.9
243,2025-05-15,8119,EBLD85,10.50% Everest Bank Limited Debenture 2085,1112,1112,1112,1112,25,27800,1111.9,1200,1044.5,2025-05-15T13:05:40.11766,1112,1,1112,2224
244,2025-05-15,8122,PPL,People's Power Limited,505,515,492.1,496.1,17543,8777528.8,514.4,648.6,428,2025-05-15T14:59:51.286926,493.2,172,500.34,3138.33
245,2025-05-15,8123,DLBS,Dhaulagiri Laghubitta Bittiya Sanstha Limited,1473,1473,1426,1430.85,778,1118431.5,1444.44,2250,1160,2025-05-15T14:59:23.01586,1426,33,1437.57,1904.46
246,2025-05-15,8126,SIKLES,Sikles Hydropower Limited,1007,1014.9,965.2,975.5,2430,2375517.2,1007,1475,507,2025-05-15T14:59:56.245484,1014.9,61,977.57,8291.75
247,2025-05-15,8132,SHLB,Shrijanshil Laghubitta Bittiya Sanstha Limited,1901,1997.1,1901,1957.5,1397,2735524.2,1920.51,2907,1600,2025-05-15T14:54:12.99295,1960,37,1958.14,2141.02
248,2025-05-15,9140,UNLB,Unique Nepal Laghubitta Bittiya Sanstha Limited,2011,2160,2010,2096.78,1877,3875620.5,2039.23,3223,1882,2025-05-15T14:59:08.548636,2098.9,58,2064.79,3115.29
249,2025-05-15,9148,SMH,Super Mai Hydropower Limited,874,908,856,856.9,1238,1066535.8,857.12,1283,670,2025-05-15T14:52:59.368306,857,26,861.49,4584.41
250,2025-05-15,9151,KDL,Kalinchowk Darshan Limited,1145,1168.9,1145,1159.39,3527,4079649.8,1145.99,1381,800,2025-05-15T14:59:41.751643,1157,98,1156.69,6956.34
251,2025-05-15,9154,SFEF,Sunrise Focused Equity Fund,9.39,9.59,9.39,9.58,800,7586,9.42,10.66,7.71,2025-05-15T14:45:08.071658,9.59,8,9.48,958
252,2025-05-15,9158,MHCL,Molung Hydropower Company Limited,480,485,470,475.66,11192,5323182.2,481.49,655,355.1,2025-05-15T14:59:16.802245,475,107,475.62,3817.17
253,2025-05-15,8125,NSIF2,NMB Sulav Investment Fund - 2,10.39,10.4,10.39,10.4,950,9875,10.37,12.47,9.34,2025-05-15T14:48:32.793179,10.4,5,10.39,1269.84
254,2025-05-15,8131,EHPL,Eastern Hydropower Limited,595,595,580,589.22,3570,2091386.8,586.84,997,435,2025-05-15T14:59:57.307362,590,50,585.82,3653.16
255,2025-05-15,8133,PHCL,Peoples Hydropower Company Limited,603,615,594,606.08,39967,24142166.4,615.01,745.6,285.3,2025-05-15T14:59:56.495261,615,284,604.05,19394.56
256,2025-05-15,9135,BHPL,Barahi Hydropower Public Limited,971.1,1049,925,1047.68,12332,12477742,961.66,1275,509.6,2025-05-15T14:59:43.433489,1046,101,1011.81,2619.2
257,2025-05-15,9138,NIBLGF,NIBL Growth Fund,8.45,8.79,8.45,8.76,13400,117269,8.62,10.64,7.84,2025-05-15T14:57:05.788102,8.79,9,8.75,1156.32
258,2025-05-15,9139,SAGF,Sanima Growth Fund,9.46,9.69,9.46,9.68,235600,2278567,9.64,10.93,8.44,2025-05-15T14:59:44.008268,9.69,11,9.67,651.01
259,2025-05-15,9146,SMHL,Super Madi Hydropower Limited,925,930,898,917.05,12044,11050860.4,927.98,1657,430,2025-05-15T14:59:51.350355,898,126,917.54,20220.95
260,2025-05-15,9147,SPL,Shuvam Power Limited,820,820,792.3,801.03,1850,1489926.3,806.29,1109.6,651.1,2025-05-15T14:59:59.081148,804,41,805.36,1602.06
261,2025-05-15,9149,MKHC,Maya Khola Hydropower Company Limited,437,437.9,422,427.26,26716,11401366.7,436.9,627,298,2025-05-15T14:59:57.514603,425,150,426.76,4272.6
262,2025-05-15,9150,AHL,Asian Hydropower Limited,699,699,659,675.03,3865,2574993.8,686,904,426.1,2025-05-15T14:54:45.763332,679.8,63,666.23,2295.1
263,2025-05-15,9152,EBLEB89,Everest Bank Limited Energy Bond, 2089,1020,1020,1020,1020,75,76500,1020,1035,1000,2025-05-15T12:35:38.164487,1020,3,1020,761.77
264,2025-05-15,9156,TAMOR,Sanima Middle Tamor Hydropower Limited,507,513,501,504.95,16224,8185239.6,507.23,637,366,2025-05-15T14:59:36.116165,504,209,504.51,16827.46
265,2025-05-15,9166,MAKAR,Makar Jitumaya Suri Hydropower Limited,660,669,637,657.8,17640,11562818.7,660.67,860,352.2,2025-05-15T14:56:48.39116,660,107,655.48,4999.28
266,2025-05-15,9167,MKHL,Mai Khola Hydropower Limited,716.4,744,716.4,724.7,19696,14334551.6,731.02,765,400.1,2025-05-15T14:59:48.351406,725,132,727.78,2841.96
267,2025-05-15,9174,PRSF,Prabhu Smart Fund,10.64,10.65,10.64,10.64,110000,1170500,10.62,11.3,8.46,2025-05-15T14:13:46.119337,10.64,7,10.64,1064
268,2025-05-15,9178,RMF2,RBB Mutual Fund 2,9.43,9.43,9.3,9.4,500,4696,9.25,10.73,8.23,2025-05-15T14:37:00.898504,9.4,3,9.39,795.35
269,2025-05-15,9179,MEL,Modi Energy Limited,310,313,305.2,308.21,51454,15859895.6,310.1,393,215,2025-05-15T14:59:44.903061,307,303,308.23,8938.09
270,2025-05-15,9183,NRM,Nepal Republic Media Limited,466,469,457.1,460.71,22875,10542076,465.19,645,353,2025-05-15T14:59:49.197065,461,223,460.85,4457.37
271,2025-05-15,9194,TSHL,Three Star Hydropower Limited,725.1,738,711,718.62,2892,2088674.2,724.65,1231,489,2025-05-15T14:59:50.76075,711.6,65,722.22,3539.2
272,2025-05-15,9201,SNLI,Sun Nepal Life Insurance Company Limited,491,493,489.6,490.32,13219,6482279.1,493.85,744.5,447.2,2025-05-15T14:59:48.292313,490,228,490.37,24669.14
273,2025-05-15,9212,MANDU,Mandu Hydropower Limited,864,870,863,863.59,4232,3661087,869.24,1493.1,805.6,2025-05-15T14:59:24.124281,863.1,75,865.09,11776.23
274,2025-05-15,9213,HATHY,Hathway Investment Nepal Limited,1256.4,1256.4,1223,1225,18469,22715675,1231.86,1816,821,2025-05-15T14:59:52.231484,1230,247,1229.93,34684.65
275,2025-05-15,9214,BGWT,Bhagawati Hydropower Development Company Limited,937,965,937,938.68,5587,5256163,953.14,1361.7,616.2,2025-05-15T14:59:13.634464,938.1,41,940.78,5584.65
276,2025-05-15,9221,H8020,Himalayan 80-20,10.64,10.97,10.52,10.59,1010000,10629566,10.85,10.97,8.5,2025-05-15T14:59:54.291701,10.59,21,10.52,105.9
277,2025-05-15,9225,VLUCL,Vision Lumbini Urja Company Limited ,633,644,627,627.38,5631,3562922.2,639.54,816,460,2025-05-15T14:59:27.290317,630,104,632.73,11998.64
278,2025-05-15,9231,CIZBD90,10% Citizens Bank Debenture 2090,1135,1135,1135,1135,25,28375,1142,1205,1000,2025-05-15T13:07:05.873295,1135,1,1135,3405
279,2025-05-15,9232,CKHL,Chirkhwa Hydropower Limited ,650,666,650,655.31,3855,2525860,662.6,910,520,2025-05-15T14:59:14.260477,652,77,655.21,2621.24
280,2025-05-15,9233,NWCL,Nepal Warehousing Company Limited ,920,933,910,914.62,3357,3087231.9,927.92,1264,711,2025-05-15T14:59:41.084848,910.2,77,919.64,6288.01
281,2025-05-15,9159,SMJC,Sagarmatha Jalabidhyut Company Limited,507,514,500.1,503.56,22280,11282480.1,505.19,800,355.1,2025-05-15T14:59:58.738483,507,250,506.39,5907.77
282,2025-05-15,9161,ANLB,Aatmanirbhar Laghubitta Bittiya Sanstha Limited,5097.9,5353.9,5097.9,5345,877,4628834,5156.5,6735,2110,2025-05-15T14:50:57.790437,5345,39,5278.03,4187.45
283,2025-05-15,9170,DOLTI,Dolti Power Company Limited,571,575,554,564.7,10815,6115559.9,576.52,1017,390.1,2025-05-15T14:59:52.789431,563,112,565.47,3029.54
284,2025-05-15,9171,BEDC,Bhugol Energy Development Company Limited,692.3,692.3,675.3,677.68,15400,10472228.8,678.74,1080,358,2025-05-15T14:59:48.000132,679.5,106,680.01,3686.94
285,2025-05-15,9173,CITY,City Hotel Limited,835.5,870,835.5,863.98,19458,16768013.9,850.6,1168.5,588.3,2025-05-15T14:59:54.136542,870,276,861.75,14463.03
286,2025-05-15,9175,MCHL,Menchhiyam Hydropower Limited,568,584,555,561.25,9768,5498559.1,574.81,714,363.6,2025-05-15T14:59:54.034986,574,106,562.91,3045.25
287,2025-05-15,9176,IHL,Ingwa Hydropower Limited,557,565,555,555.98,4266,2383493.1,567.94,838,377.6,2025-05-15T14:58:02.741828,556,59,558.71,3335.88
288,2025-05-15,9181,RAWA,Rawa Energy Development Limited,818,834.9,809.1,812.8,1928,1572846,818.53,990,466,2025-05-15T14:59:57.102702,825,40,815.79,2275.84
289,2025-05-15,9182,SIGS3,Siddhartha Investment Growth Scheme 3,10.01,10.2,10.01,10.19,31100,317130,10.12,10.81,8.28,2025-05-15T14:05:03.30126,10.19,9,10.19,821.11
290,2025-05-15,9184,ILI,IME Life Insurance Company Limited,450,457,450,452.33,17168,7747505.7,451.16,606,412.5,2025-05-15T14:59:57.237726,451.9,333,451.27,22616.5
291,2025-05-15,9191,C30MF,Citizens Super 30 Mutual Fund,9.4,9.58,9.22,9.39,22600,211764,9.57,10.92,8.13,2025-05-15T14:31:19.382903,9.39,12,9.37,704.93
292,2025-05-15,9192,USHL,Upper Syange Hydropower Limited,645,655,618.7,625.4,3262,2063250.6,642.79,961,461,2025-05-15T14:59:40.290843,629,64,632.51,1375.88
293,2025-05-15,9193,GCIL,Ghorahi Cement Industry Limited,500.2,509.7,495,498.78,40938,20445473,502.2,668,460,2025-05-15T14:59:52.976146,499.8,340,499.42,22782.7
294,2025-05-15,9196,KBSH,Kutheli Bukhari Small Hydropower Limited,1892,1930,1892,1905,415,792788,1918.96,3300,1011.9,2025-05-15T14:59:08.493007,1905,23,1910.33,2553.73
295,2025-05-15,9198,LVF2,Laxmi Value Fund 2,9.5,9.51,9.5,9.51,5000,47502,9.5,10.4,7.84,2025-05-15T14:31:00.215823,9.51,9,9.5,760.8
296,2025-05-15,9199,RNLI,Reliable Nepal Life Insurance Limited,498,506.8,494.3,496.2,68476,34087036.6,498.81,600.1,415,2025-05-15T14:59:58.371726,499.3,687,497.79,23023.68
297,2025-05-15,9203,MEHL,Manakamana Engineering Hydropower Limited,450,450,436,441.2,21875,9623537.6,444.05,696,301.5,2025-05-15T14:59:42.68139,439.2,229,439.93,3529.6
298,2025-05-15,9208,ULHC,Upper Lohore Khola Hydropower Company Limited,481,499,474.1,476.28,16701,8141390.7,489.93,693,324,2025-05-15T14:58:36.818875,475.4,119,487.47,2428.09
299,2025-05-15,9209,CLI,Citizen Life Insurance Company Limited,475,480,470,473.35,17399,8261617,477.1,774.9,456.1,2025-05-15T14:59:27.519847,474,295,474.83,23667.5
300,2025-05-15,9211,SBID89,9% Nepal SBI Bank Rinpatra 2089,1105,1105,1105,1105,25,27625,1120,1137.1,965,2025-05-15T12:05:24.551095,1105,1,1105,1567.29
301,2025-05-15,9215,MSHL,Mid Solu Hydropower Limited,847.2,864,821,828.1,2945,2450231,864.07,1180,621.8,2025-05-15T14:59:31.20504,840,46,831.99,6197.5
302,2025-05-15,9216,SONA,Sonapur Minerals And Oil Limited,449,465,449,458.09,46146,21103276.7,457.77,624,425,2025-05-15T14:59:33.800248,460,455,457.31,14086.5
303,2025-05-15,9217,MMKJL,Mathillo Mailun Khola Jalvidhyut Limited,620,636,615,615.19,5110,3160457,624.55,890.4,414,2025-05-15T14:59:25.942988,615,75,618.48,6151.9
304,2025-05-15,9218,TVCL,Trishuli Jal Vidhyut Company Limited ,506.7,506.7,494.1,497.36,7177,3563472.7,496.84,697,431,2025-05-15T14:59:56.717964,501.9,92,496.51,9213.59
305,2025-05-15,9220,KBLD90,10% KBL Debenture 2090,1182,1182,1182,1182,35,41370,1173,1324.9,1000,2025-05-15T12:22:16.350724,1182,2,1182,5910
306,2025-05-15,9230,MKCL,Muktinath Krishi Company Limited,1506,1506,1461,1467.14,6134,9042321.1,1476.5,1926,852.1,2025-05-15T14:59:46.655036,1468,120,1474.13,10269.98
307,2025-05-15,9234,HRL,Himalayan Reinsurance Limited,963,970,941.2,943.89,111582,106035231.5,962.44,1156,512,2025-05-15T14:59:52.035831,943,1230,950.28,98164.56
308,2025-05-15,9241,KSY,Kumari Sabal Yojana,8.75,8.82,8.75,8.82,1200,10513,8.81,10.91,7.77,2025-05-15T13:41:28.551203,8.82,3,8.76,656.87
309,2025-05-15,9236,NICGF2,NIC ASIA Growth Fund-2,8.47,8.61,8.47,8.61,1500,12770,8.52,9.79,7.56,2025-05-15T14:43:24.738636,8.61,11,8.51,779.21
310,2025-05-15,9237,PMLIP,Prabhu Mahalaxmi Life Insurance Limited promotor,309,309,309,309,245806,75954054,309,309,270,2025-05-15T14:12:23.834896,309,4,309,13274.64
311,2025-05-15,9242,SARBTM,Sarbottam Cement Limited,869.9,885,838,843.89,136488,116179028.4,852.91,1060,696.8,2025-05-15T14:59:59.443201,838,471,851.2,41987.75
312,2025-05-15,9246,GMLI,Guardian Micro Life Insurance Limited ,2650,2675,2567,2589.03,48046,124455768.1,2648.22,2778,301,2025-05-15T14:59:51.869199,2589.1,611,2590.34,19417.72
313,2025-05-15,9248,GSY,Garima Samriddhi Yojana,9.28,9.3,9.12,9.15,15500,141637,9.43,10,8.8,2025-05-15T14:51:45.832444,9.15,35,9.13,1143.75
314,2025-05-15,9249,ICFCD88,9% ICFC Finance Limited Debenture 2088,1090,1090.1,1090,1090.1,50,54502.5,1097,1116,1000,2025-05-15T11:42:29.189974,1090.1,2,1090.05,327.03
315,2025-05-15,9250,NMIC,Nepal Micro Insurance Company Limited,2050,2255,1960,2190.06,59233,125400472.5,2081.02,2703.3,302.3,2025-05-15T14:59:59.013712,2200,5466,2117.07,16425.45
316,2025-05-15,9244,NIBLSTF,NIBL Stable Fund,8.3,8.42,8.21,8.41,1650,13803,8.32,10.55,7.85,2025-05-15T14:59:48.298515,8.42,6,8.36,950.33
317,2025-05-15,9245,MNMF1,Muktinath Mutual Fund 1,9.21,9.3,9.11,9.18,13010,118800,9.39,10.42,8.67,2025-05-15T14:51:00.539337,9.18,20,9.13,1147.5
318,2025-05-15,9252,CREST,Crest Micro Life Insurance Limited,2025,2228,1953.2,2151.2,88593,185884964.4,2066.15,2458.2,302.5,2025-05-15T14:59:57.942001,2130,8395,2098.19,16134
319,2025-05-15,9254,NMBHF2,NMB Hybrid Fund L- II,8.33,8.59,8.25,8.46,42690,356521.1,8.41,10,8.25,2025-05-15T14:59:36.422509,8.57,52,8.35,1154.65
320,2025-05-15,9256,OMPL,Om Megashree Pharmaceuticals Limited,578.3,636.2,578.3,636.2,460,290351,578.4,636.2,270,2025-05-15T14:54:38.940539,636.2,46,631.19,3817.2